close,high,low,open,year,day
93964.01,94305.61,93181.83,93186.34,2024,23
95191.81,95191.81,93911.5,93964.01,2024,23
94881.47,95509.09,94683.81,95191.8,2024,23
94550.22,94881.47,94131.11,94881.47,2024,24
94123.43,94672.0,94036.0,94550.23,2024,24
93961.45,94320.0,93569.02,94123.43,2024,24
94348.75,94400.0,93810.02,93961.45,2024,24
94412.3,94416.0,94052.7,94348.75,2024,24
94606.06,94653.45,94311.55,94412.3,2024,24
93918.99,94606.07,93830.47,94606.06,2024,24
94233.19,94313.61,93810.45,93918.99,2024,24
94495.77,94635.7,94125.42,94233.2,2024,24
94068.01,94530.42,93952.0,94495.77,2024,24
93972.01,94194.07,93840.0,94068.01,2024,24
94398.6,94425.7,93934.69,93972.01,2024,24
94304.32,94410.39,94075.1,94398.6,2024,24
96085.02,96094.0,94289.24,94305.84,2024,24
97465.06,97498.64,95864.5,96085.02,2024,24
98300.0,98300.0,97235.55,97465.06,2024,24
98496.23,98666.0,97964.0,98299.99,2024,24
98797.47,99030.72,98325.78,98496.23,2024,24
98618.66,99487.99,98418.16,98797.47,2024,24
97581.09,98743.52,97546.57,98618.66,2024,24
97298.01,98056.27,97250.0,97581.1,2024,24
98397.96,98462.28,97277.9,97298.02,2024,24
98777.11,99068.9,98355.43,98397.95,2024,24
98663.58,99019.1,98492.67,98777.1,2024,24
98418.42,98878.44,98393.6,98663.58,2024,25
97983.18,98597.6,97901.08,98418.42,2024,25
98131.07,98353.99,97725.27,97983.17,2024,25
98029.48,98280.02,97930.53,98131.07,2024,25
98236.01,98354.39,97875.91,98029.49,2024,25
98279.28,98360.65,98159.09,98236.01,2024,25
97884.38,98581.9,97844.18,98279.28,2024,25
98084.33,98366.79,97873.49,97884.39,2024,25
98069.71,98271.76,97926.99,98084.33,2024,25
98189.54,98265.07,98007.69,98069.72,2024,25
98457.0,99349.31,98145.75,98189.55,2024,25
97907.61,98866.77,97773.83,98456.99,2024,25
98176.03,98610.11,97632.02,97907.61,2024,25
98462.56,98609.89,98131.85,98176.02,2024,25
98710.0,98832.89,98257.32,98462.57,2024,25
98519.98,98724.0,98202.43,98710.0,2024,25
98425.51,98696.4,98134.4,98519.99,2024,25
98570.82,98659.0,98185.21,98425.5,2024,25
98756.26,98978.18,98544.22,98570.82,2024,25
99018.52,99299.99,98734.66,98756.26,2024,25
99144.62,99400.0,98870.95,99018.52,2024,25
98506.36,99555.0,98384.61,99144.62,2024,25
98811.16,99100.0,98434.78,98506.37,2024,25
99429.6,99569.15,98811.16,98811.16,2024,25
99028.66,99963.7,98955.77,99429.61,2024,26
99057.01,99250.0,98590.0,99028.66,2024,26
98750.34,99194.21,98468.26,99057.02,2024,26
98995.17,99167.12,98576.77,98750.34,2024,26
98300.0,98995.18,98255.0,98995.18,2024,26
98375.01,98460.0,98076.58,98300.0,2024,26
98121.2,98484.0,98023.1,98375.01,2024,26
97719.99,98292.0,97711.17,98121.21,2024,26
95878.56,97772.13,95616.18,97719.99,2024,26
95439.25,95978.52,95420.26,95878.56,2024,26
95500.02,95777.4,95199.14,95439.4,2024,26
95695.81,96035.5,95469.53,95500.02,2024,26
95680.71,95880.6,95462.57,95695.81,2024,26
95704.44,95772.9,95288.0,95680.71,2024,26
95449.36,96280.25,95234.93,95704.45,2024,26
96042.88,96216.91,95270.0,95449.36,2024,26
96519.47,96621.95,95816.86,96042.89,2024,26
95824.27,96547.99,95680.0,96519.47,2024,26
95743.44,95986.4,95458.66,95824.27,2024,26
96102.25,96198.58,95444.44,95743.44,2024,26
95589.6,96114.46,95400.0,96102.24,2024,26
95812.63,95933.74,95302.0,95589.6,2024,26
95821.92,95963.86,95625.0,95812.63,2024,26
95791.6,95887.99,95372.32,95821.92,2024,26
95794.56,95930.39,95401.03,95791.6,2024,27
95917.03,96250.0,95575.07,95794.55,2024,27
96073.77,96443.68,95718.75,95917.02,2024,27
96417.84,96443.0,95982.51,96073.77,2024,27
96300.0,96595.98,96229.39,96417.84,2024,27
96238.89,96333.77,96001.0,96300.01,2024,27
96594.16,96594.44,96107.28,96238.89,2024,27
95104.76,96604.24,94646.03,96594.17,2024,27
95724.02,96395.0,95104.76,95104.76,2024,27
96774.13,97544.58,95674.0,95724.01,2024,27
96605.46,97029.25,96195.2,96774.14,2024,27
96952.38,96953.71,96377.77,96605.46,2024,27
96686.75,97035.8,96617.64,96952.38,2024,27
96407.99,96686.74,96229.66,96686.74,2024,27
95691.99,96480.0,95161.17,96407.99,2024,27
94573.75,95718.13,94011.11,95692.0,2024,27
94165.92,94996.16,94101.02,94573.75,2024,27
94291.3,94354.82,93500.01,94165.92,2024,27
94566.06,94770.15,94212.3,94291.3,2024,27
94750.0,94810.07,94252.0,94566.05,2024,27
94588.12,94778.43,94313.82,94750.11,2024,27
94526.07,94823.09,94379.35,94588.12,2024,27
94437.75,94674.5,94200.0,94526.07,2024,27
94299.03,94526.09,94100.6,94437.75,2024,27
94398.75,94544.35,94243.32,94299.03,2024,28
94556.93,94615.24,94135.66,94398.75,2024,28
94338.0,94619.0,94276.01,94556.92,2024,28
94594.91,94720.0,94335.88,94338.0,2024,28
94524.0,94643.87,94511.71,94594.91,2024,28
94625.64,94800.0,94523.99,94524.0,2024,28
94466.49,94724.88,94405.28,94625.64,2024,28
94381.99,94634.25,94307.0,94466.49,2024,28
94488.01,94539.43,94312.67,94381.98,2024,28
94589.27,94692.3,94488.01,94488.01,2024,28
94619.99,94716.06,94502.21,94589.28,2024,28
94754.83,94883.0,94600.0,94620.0,2024,28
94599.57,94880.0,94577.66,94754.83,2024,28
94665.94,94761.33,94496.73,94599.56,2024,28
94583.99,95340.36,94411.76,94665.29,2024,28
94447.29,94819.57,94375.8,94583.99,2024,28
94874.89,94923.06,94389.45,94447.28,2024,28
95022.57,95245.24,94810.51,94874.89,2024,28
94837.31,95100.0,94715.16,95022.58,2024,28
95027.76,95138.05,94837.3,94837.31,2024,28
95083.05,95151.13,94878.26,95027.75,2024,28
95171.67,95223.72,94968.86,95083.05,2024,28
95326.4,95733.99,95047.11,95171.67,2024,28
95300.0,95408.9,95112.43,95326.4,2024,28
95148.49,95340.0,95042.6,95300.0,2024,29
94857.65,95210.22,94808.0,95148.49,2024,29
95154.5,95211.88,94851.25,94857.66,2024,29
95172.4,95221.69,94978.33,95154.5,2024,29
95126.39,95283.99,95063.4,95172.41,2024,29
95118.89,95199.97,95071.21,95126.39,2024,29
95181.7,95212.0,94971.44,95118.89,2024,29
95272.04,95272.05,95076.68,95181.7,2024,29
95123.33,95315.5,95078.5,95272.05,2024,29
95190.49,95211.41,95048.3,95123.33,2024,29
95167.83,95278.85,95102.76,95190.5,2024,29
95032.57,95183.61,95010.0,95167.83,2024,29
94907.89,95130.24,94900.82,95032.58,2024,29
94928.2,95015.18,94800.0,94907.88,2024,29
94623.67,95231.58,94010.0,94928.2,2024,29
94511.12,94794.79,94404.9,94623.68,2024,29
93900.01,94578.89,93600.0,94511.11,2024,29
93945.01,94117.5,93800.37,93900.01,2024,29
93652.0,93945.01,93600.0,93945.0,2024,29
93612.89,93880.0,93367.52,93652.0,2024,29
93858.55,93880.0,93345.0,93612.89,2024,29
93352.65,93949.52,93121.0,93858.55,2024,29
93135.32,93770.41,93087.97,93352.65,2024,29
93738.2,93871.02,93009.52,93135.32,2024,29
93583.96,93908.24,93500.0,93738.19,2024,30
93948.42,94274.29,93368.93,93583.96,2024,30
93906.41,93973.61,93413.72,93948.41,2024,30
93722.71,94080.0,93639.87,93906.41,2024,30
93280.26,93979.45,93264.14,93722.72,2024,30
93581.53,93581.53,93240.03,93280.27,2024,30
93901.29,94060.35,93517.38,93581.53,2024,30
93731.65,93947.99,93319.99,93901.29,2024,30
93851.11,93967.21,93723.29,93731.66,2024,30
93892.35,94023.84,93686.68,93851.1,2024,30
93793.27,94068.56,93730.95,93892.35,2024,30
93923.14,93953.09,93469.56,93793.27,2024,30
93750.69,94277.23,93722.06,93923.14,2024,30
92680.52,93820.9,92613.0,93750.68,2024,30
91883.99,93120.0,91820.46,92680.52,2024,30
92130.21,92473.32,91530.45,91884.0,2024,30
92120.6,92227.17,91800.0,92130.21,2024,30
93832.83,94200.0,91980.53,92120.6,2024,30
94583.99,94684.09,93570.0,93832.82,2024,30
94417.04,94622.75,93939.29,94583.98,2024,30
94338.8,95024.5,94296.75,94417.04,2024,30
92076.0,94376.3,91901.57,94338.8,2024,30
92784.75,93027.69,91948.0,92076.0,2024,30
92792.05,92893.4,92389.28,92784.76,2024,30
92450.0,92907.03,92375.15,92792.05,2024,31
92435.57,92575.76,92033.73,92450.0,2024,31
92476.35,92702.43,92303.21,92435.73,2024,31
92509.59,92654.74,92250.0,92476.35,2024,31
92448.0,92832.29,92344.07,92509.6,2024,31
92596.08,92750.0,92357.71,92448.0,2024,31
92816.0,93040.1,92568.5,92596.08,2024,31
92860.75,92910.03,92770.0,92816.0,2024,31
93933.38,94741.68,92842.88,92860.75,2024,31
94023.88,94151.52,93831.24,93933.38,2024,31
94113.69,94271.29,93664.06,94023.88,2024,31
94232.68,94285.12,93984.0,94113.69,2024,31
94539.85,94958.85,94232.67,94232.68,2024,31
95587.12,96054.79,94524.43,94539.86,2024,31
95679.17,96250.0,95372.35,95587.12,2024,31
95412.0,95982.62,94909.12,95679.17,2024,31
94868.42,95590.52,94606.4,95412.0,2024,31
94120.94,95047.71,93189.59,94868.41,2024,31
93875.68,94416.72,93779.8,94120.92,2024,31
94166.88,94290.91,93712.45,93875.69,2024,31
93564.04,94222.5,93450.17,94166.88,2024,31
93899.68,93964.15,93504.67,93564.01,2024,31
93488.84,93899.67,93375.58,93899.67,2024,31
93576.0,93756.0,93375.38,93488.83,2024,31
94401.14,94509.42,93489.03,93576.0,2025,1
93607.74,94408.72,93578.77,94401.13,2025,1
94098.91,94105.12,93594.56,93607.74,2025,1
93838.04,94098.91,93728.22,94098.9,2025,1
93553.91,93838.04,93500.0,93838.04,2025,1
93792.02,93937.19,93547.4,93553.91,2025,1
93757.58,93792.02,93568.38,93792.02,2025,1
93684.1,93800.0,93664.08,93757.57,2025,1
93428.46,93756.02,93304.0,93684.11,2025,1
93413.06,93486.29,92888.0,93428.47,2025,1
93326.23,93536.75,93284.0,93413.07,2025,1
93444.64,93705.08,93200.0,93326.24,2025,1
93820.76,93972.0,93407.07,93444.65,2025,1
94031.76,94058.79,93600.28,93820.75,2025,1
94175.89,94450.85,93671.48,94031.77,2025,1
94432.94,94500.0,93900.0,94175.89,2025,1
94090.49,94492.0,93922.0,94432.94,2025,1
94143.85,94189.16,93760.93,94090.5,2025,1
94340.06,94380.44,93936.44,94143.84,2025,1
94627.07,94823.75,94148.34,94340.06,2025,1
94786.23,94852.7,94579.83,94627.08,2025,1
94978.48,95151.15,94687.87,94786.23,2025,1
94802.98,94997.32,94685.81,94978.48,2025,1
94591.79,94952.29,94542.0,94802.99,2025,1
95128.59,95381.7,94392.0,94591.78,2025,2
94862.72,95516.0,94699.69,95128.59,2025,2
95234.36,95234.37,94803.03,94862.73,2025,2
95010.33,95299.24,94913.75,95234.37,2025,2
95708.07,96000.0,94984.84,95010.34,2025,2
95596.48,95800.0,95395.21,95708.07,2025,2
95574.99,95697.01,95380.04,95596.48,2025,2
95822.0,95880.0,95505.35,95575.0,2025,2
96150.0,96211.54,95640.05,95822.01,2025,2
96755.51,96799.86,96036.86,96150.0,2025,2
96708.0,96808.37,96538.77,96755.51,2025,2
96732.99,96876.38,96469.46,96708.0,2025,2
96850.01,96895.0,96609.42,96733.0,2025,2
96458.17,96988.05,96436.0,96850.01,2025,2
97256.49,97440.91,95924.6,96458.17,2025,2
96455.01,97323.16,96164.78,97256.48,2025,2
97229.74,97650.0,96040.04,96455.01,2025,2
96757.57,97591.84,96325.44,97229.75,2025,2
97319.74,97350.0,96400.0,96757.57,2025,2
97317.74,97777.0,97200.0,97319.74,2025,2
97306.46,97839.5,97300.0,97317.74,2025,2
97212.68,97355.77,97040.16,97306.46,2025,2
96911.04,97212.69,96666.66,97212.69,2025,2
96984.79,97077.78,96758.17,96911.04,2025,2
96825.82,97080.96,96796.56,96984.79,2025,3
96985.47,97000.0,96650.0,96825.83,2025,3
96966.85,97342.44,96856.98,96985.47,2025,3
97062.3,97090.91,96833.99,96966.85,2025,3
96813.41,97066.18,96766.51,97062.3,2025,3
96765.34,96860.48,96590.28,96813.49,2025,3
96539.49,96918.56,96512.0,96765.35,2025,3
96304.0,96645.83,96280.65,96539.49,2025,3
96129.97,96529.84,96100.01,96304.0,2025,3
96554.32,96702.48,96107.84,96129.97,2025,3
96488.53,96640.01,96402.82,96554.32,2025,3
96757.58,96830.0,96482.51,96488.53,2025,3
96666.66,96921.36,96666.66,96757.57,2025,3
96504.79,96839.71,96472.43,96666.66,2025,3
97016.01,97342.44,96504.79,96504.8,2025,3
97521.35,97660.0,96759.12,97016.0,2025,3
97868.2,98444.42,97406.54,97521.36,2025,3
98026.0,98299.76,97837.63,97868.21,2025,3
98527.98,98697.86,98000.0,98025.99,2025,3
98592.01,98976.91,98491.53,98527.97,2025,3
98311.52,98748.0,98300.0,98592.02,2025,3
98272.7,98419.14,98196.96,98311.51,2025,3
98296.37,98512.94,98250.0,98272.7,2025,3
98174.18,98382.19,98067.99,98296.37,2025,3
97950.01,98288.0,97887.2,98174.17,2025,4
98040.0,98095.06,97800.0,97950.01,2025,4
98304.51,98314.15,97848.48,98040.0,2025,4
98200.0,98304.51,98052.97,98304.51,2025,4
98001.0,98200.01,97862.87,98200.01,2025,4
98126.21,98196.51,97988.76,98001.0,2025,4
98127.54,98209.7,98039.91,98126.21,2025,4
98271.88,98350.04,98095.17,98127.53,2025,4
97906.07,98306.22,97905.26,98271.87,2025,4
97690.37,97980.0,97532.58,97906.08,2025,4
97789.32,97859.6,97600.0,97690.37,2025,4
97889.39,97923.07,97711.54,97789.32,2025,4
97888.12,98016.97,97800.0,97889.4,2025,4
97973.05,98068.46,97750.0,97888.12,2025,4
98035.04,98080.15,97828.38,97973.05,2025,4
97657.94,98152.02,97514.79,98035.05,2025,4
97704.6,97874.68,97549.99,97657.95,2025,4
98016.26,98049.99,97687.77,97704.6,2025,4
97961.56,98139.13,97909.85,98016.26,2025,4
98166.26,98350.0,97931.23,97961.56,2025,4
98599.02,98671.02,98166.25,98166.26,2025,4
98362.43,98778.43,98344.0,98599.02,2025,4
98417.25,98484.85,98265.91,98362.43,2025,4
98220.5,98419.14,98143.2,98417.25,2025,4
98213.43,98391.59,98154.18,98220.51,2025,5
98123.53,98322.35,98050.0,98213.44,2025,5
98227.48,98227.49,98105.41,98123.53,2025,5
98187.96,98227.49,98069.0,98227.49,2025,5
98357.46,98522.76,98187.96,98187.97,2025,5
98358.98,98500.0,98264.78,98357.46,2025,5
98451.47,98500.0,98304.82,98358.98,2025,5
98268.77,98464.84,98268.77,98451.48,2025,5
97861.04,98268.78,97777.77,98268.77,2025,5
97652.2,97943.02,97637.93,97861.04,2025,5
97737.48,97776.68,97600.0,97652.21,2025,5
97641.63,97822.16,97615.13,97737.48,2025,5
97770.01,97956.66,97569.04,97641.62,2025,5
97689.96,98018.96,97680.18,97770.01,2025,5
97855.06,97967.08,97276.79,97689.96,2025,5
98028.98,98281.89,97702.3,97855.06,2025,5
98035.17,98332.54,97937.82,98028.98,2025,5
97731.08,98078.94,97673.57,98035.17,2025,5
97918.91,97927.98,97577.46,97731.09,2025,5
98079.63,98109.0,97854.99,97918.91,2025,5
98275.71,98678.0,98024.0,98079.64,2025,5
98496.52,98522.46,98216.58,98275.71,2025,5
98695.21,98745.45,98344.0,98496.52,2025,5
98363.61,98836.85,98322.72,98695.21,2025,5
98217.23,98773.48,98190.75,98363.61,2025,6
98759.43,98816.28,97920.0,98217.23,2025,6
98815.39,99333.0,98649.97,98759.42,2025,6
99037.57,99235.99,98759.55,98815.39,2025,6
99466.09,99500.88,99037.57,99037.57,2025,6
99600.0,99892.0,99400.0,99466.09,2025,6
99512.21,99763.99,99382.31,99600.0,2025,6
99318.7,99529.87,99161.14,99512.21,2025,6
99043.49,99625.69,99000.0,99318.7,2025,6
98999.99,99250.0,98942.46,99043.49,2025,6
98767.96,99057.95,98709.28,99000.0,2025,6
99259.99,99410.23,98712.0,98767.96,2025,6
99157.12,99713.13,99142.43,99259.99,2025,6
99492.51,99575.85,98909.82,99157.12,2025,6
100737.03,101295.23,98711.94,99492.5,2025,6
102147.95,102468.92,100481.99,100737.03,2025,6
102158.67,102480.0,101719.59,102147.95,2025,6
101831.95,102158.68,101250.0,102158.67,2025,6
101738.8,102053.61,101578.12,101831.95,2025,6
101817.22,102032.0,101639.6,101738.81,2025,6
102127.38,102318.5,101800.0,101817.22,2025,6
101611.92,102329.98,101600.05,102126.9,2025,6
102011.98,102084.13,101600.06,101611.92,2025,6
102235.6,102239.58,101896.87,102011.98,2025,6
102042.46,102724.38,101950.0,102235.6,2025,7
101915.66,102071.9,101684.95,102042.47,2025,7
101677.66,102018.98,101651.67,101915.66,2025,7
101708.08,101818.19,101512.91,101677.66,2025,7
101667.02,101925.77,101667.01,101708.09,2025,7
101743.47,101786.07,101582.79,101667.02,2025,7
101820.53,101894.47,101648.56,101743.47,2025,7
101664.81,102015.01,101640.47,101820.53,2025,7
101905.08,101995.64,101618.04,101664.81,2025,7
101723.19,101914.11,101632.06,101905.08,2025,7
101406.78,101723.19,101379.45,101723.18,2025,7
100830.86,101453.0,100472.45,101406.78,2025,7
100750.89,100956.99,100628.43,100830.86,2025,7
100636.8,100960.06,100615.63,100750.88,2025,7
99979.69,100862.91,99732.0,100636.8,2025,7
97952.26,100142.99,97153.5,99979.69,2025,7
97733.58,98347.81,97586.41,97952.26,2025,7
97277.31,97806.03,96577.0,97733.58,2025,7
96750.86,97541.6,96600.0,97277.32,2025,7
96451.98,97200.01,96323.67,96750.86,2025,7
96533.35,96870.52,96181.81,96451.99,2025,7
96501.22,97094.19,96400.0,96533.34,2025,7
97164.0,97220.76,96412.0,96501.23,2025,7
96954.61,97169.65,96800.8,97163.99,2025,7
97268.49,97268.65,96707.77,96954.6,2025,8
96907.15,97268.5,96608.14,97268.49,2025,8
96878.14,97181.82,96778.57,96907.16,2025,8
96525.2,96878.14,96216.83,96878.14,2025,8
96274.81,96634.58,96057.48,96525.2,2025,8
96492.01,96654.61,96102.94,96274.8,2025,8
95284.31,96636.37,95259.3,96492.01,2025,8
95657.09,95815.52,95250.76,95284.31,2025,8
95945.99,96132.47,95528.56,95657.09,2025,8
95432.82,96098.1,95412.0,95946.0,2025,8
95961.02,96000.0,95432.43,95432.83,2025,8
95134.92,96052.0,94543.86,95961.03,2025,8
94888.01,95376.56,94852.23,95134.92,2025,8
95384.0,95679.69,94888.0,94888.01,2025,8
95288.01,95865.71,94888.88,95384.01,2025,8
95493.77,96079.32,94624.43,95288.0,2025,8
94787.87,95555.25,94556.21,95493.77,2025,8
94030.82,94847.99,92500.9,94787.87,2025,8
94242.61,95106.33,93753.99,94030.81,2025,8
94243.89,94859.54,94053.82,94242.62,2025,8
93980.0,94404.0,93755.48,94243.89,2025,8
94468.97,94596.0,93600.0,93982.01,2025,8
95290.93,95290.99,94460.86,94468.97,2025,8
95060.61,95310.94,94900.0,95290.93,2025,8
95135.3,95150.0,94809.07,95060.61,2025,9
94983.82,95382.32,94966.66,95135.3,2025,9
94776.99,95030.31,93422.89,94983.82,2025,9
94027.9,94800.69,94017.93,94777.0,2025,9
94424.24,94487.74,93796.99,94027.91,2025,9
94472.58,94566.64,94280.65,94424.24,2025,9
94095.03,94618.63,94048.07,94472.59,2025,9
93221.59,94299.22,93186.38,94095.04,2025,9
93030.87,93400.98,92750.0,93221.59,2025,9
93516.62,93787.75,92970.96,93030.88,2025,9
93462.43,93660.0,93016.55,93516.63,2025,9
93465.23,93877.46,93224.0,93462.43,2025,9
93421.94,93696.97,93155.25,93465.23,2025,9
91986.42,93486.19,91900.12,93421.94,2025,9
92863.8,92900.0,91800.0,91986.41,2025,9
94244.02,94588.23,92671.67,92863.81,2025,9
94250.95,94685.25,93846.15,94244.02,2025,9
92693.11,94293.96,92325.0,94250.96,2025,9
93020.11,93239.51,92403.77,92693.11,2025,9
91909.59,93291.96,91900.01,93020.1,2025,9
91903.22,92371.32,91203.67,91909.59,2025,9
92108.84,92497.66,91781.09,91903.21,2025,9
92456.32,92720.67,91624.0,92108.84,2025,9
92552.49,92689.38,92034.55,92456.32,2025,9
92775.84,92850.0,92431.73,92552.49,2025,10
93102.52,93159.16,92590.33,92775.85,2025,10
93364.36,93726.87,93033.5,93102.52,2025,10
93696.13,93727.83,93312.58,93364.36,2025,10
93837.69,93908.85,93500.0,93696.13,2025,10
93956.83,94250.07,93642.85,93837.69,2025,10
94252.83,94319.0,93733.83,93956.83,2025,10
94492.63,95000.0,94070.0,94252.83,2025,10
94680.01,94766.12,94388.5,94492.62,2025,10
94793.08,95000.55,94582.03,94680.0,2025,10
95215.73,95293.4,94757.57,94793.07,2025,10
95073.95,95267.16,94600.49,95215.73,2025,10
95023.44,95117.26,94702.49,95073.95,2025,10
93557.23,95046.0,92715.85,95023.44,2025,10
94115.63,94680.76,93379.93,93557.23,2025,10
93730.92,94524.0,92206.02,94115.62,2025,10
93645.05,94062.94,93177.4,93730.93,2025,10
95793.05,95836.0,93318.07,93645.06,2025,10
94861.62,95793.04,94581.87,95793.04,2025,10
95327.06,95386.74,94373.85,94861.62,2025,10
94672.05,95442.15,94586.02,95327.07,2025,10
94613.26,94923.05,94603.72,94669.06,2025,10
94767.7,94955.54,94586.03,94613.26,2025,10
94726.11,94894.81,94657.39,94767.69,2025,10
94600.69,94746.37,94360.65,94726.1,2025,11
94424.26,94696.97,94214.38,94600.7,2025,11
94424.24,94495.9,94180.0,94424.26,2025,11
94206.95,94429.84,94106.49,94424.24,2025,11
94063.29,94316.09,93831.73,94206.96,2025,11
94366.69,94381.08,94013.51,94063.29,2025,11
94216.25,94441.87,94216.25,94366.7,2025,11
94246.36,94333.34,94151.51,94216.26,2025,11
94074.79,94408.34,94031.22,94246.36,2025,11
94329.45,94329.8,94044.82,94074.8,2025,11
94488.86,94528.27,94300.01,94329.46,2025,11
94625.65,94791.67,94455.04,94488.87,2025,11
94550.01,94655.2,94528.01,94625.66,2025,11
94400.01,94606.11,94342.63,94550.0,2025,11
94620.0,94638.44,94307.25,94400.01,2025,11
94410.26,94647.05,94377.57,94620.0,2025,11
94448.14,94708.12,94312.56,94410.26,2025,11
94151.52,94448.14,93984.55,94448.14,2025,11
94275.79,94306.62,94121.0,94151.51,2025,11
94249.26,94327.4,94084.64,94275.79,2025,11
94586.11,94668.31,94200.89,94249.27,2025,11
94940.76,95050.94,94575.75,94586.12,2025,11
94593.8,95005.0,94561.0,94940.75,2025,11
94599.99,94753.37,94541.66,94593.8,2025,11
94452.07,94655.22,94422.13,94599.99,2025,12
94580.0,94589.46,94296.99,94452.08,2025,12
94625.25,94670.0,94480.58,94580.0,2025,12
94622.4,94699.0,94418.56,94625.25,2025,12
94587.99,94650.0,94500.0,94622.4,2025,12
94571.43,94627.8,94500.0,94587.99,2025,12
94381.78,94616.0,94357.14,94571.43,2025,12
94323.85,94441.42,94274.01,94381.78,2025,12
94170.01,94393.57,94109.0,94323.85,2025,12
93906.22,94222.41,93711.19,94170.01,2025,12
94015.16,94056.04,93836.51,93906.21,2025,12
94255.1,94348.64,94015.16,94015.17,2025,12
94328.2,94600.0,94173.48,94255.1,2025,12
94663.78,94730.04,94303.03,94328.21,2025,12
94811.0,94994.49,94663.77,94663.77,2025,12
95071.9,95450.1,94675.54,94811.0,2025,12
95046.76,95131.05,94791.43,95071.91,2025,12
95139.45,95271.56,94984.36,95046.76,2025,12
94992.64,95314.12,94916.0,95139.46,2025,12
94650.26,95055.93,94578.54,94992.65,2025,12
94687.69,94800.0,94612.0,94650.26,2025,12
94352.7,94727.28,94302.9,94687.69,2025,12
93962.91,94362.92,93800.0,94352.7,2025,12
94545.06,94563.82,93946.96,93962.91,2025,12
95325.43,95940.0,94463.32,94545.07,2025,13
94218.01,95400.0,94081.38,95325.43,2025,13
94217.43,94500.0,93899.99,94218.01,2025,13
94269.23,94408.17,93972.54,94217.43,2025,13
94503.34,94913.03,94202.76,94269.23,2025,13
94181.37,94543.28,94045.45,94503.34,2025,13
93637.37,94327.35,93281.0,94181.37,2025,13
93590.24,93947.3,93469.2,93637.38,2025,13
93039.1,93661.55,92904.35,93590.24,2025,13
92846.79,93195.99,92644.11,93039.11,2025,13
91644.96,92889.06,91372.17,92846.79,2025,13
90851.22,91776.04,90833.12,91644.96,2025,13
90732.0,91350.0,90300.0,90851.23,2025,13
91131.41,91780.0,90583.24,90732.0,2025,13
91833.03,92300.0,89256.69,91131.41,2025,13
92123.75,93100.0,91570.0,91833.03,2025,13
91343.2,92289.07,91250.0,92123.75,2025,13
91983.96,92300.0,91250.0,91343.21,2025,13
92077.65,92405.39,91593.85,91983.96,2025,13
92312.18,92534.1,91600.0,92077.65,2025,13
93575.53,93783.12,91908.2,92312.18,2025,13
94193.49,94472.0,93401.84,93575.53,2025,13
94399.98,94727.15,94152.0,94193.49,2025,13
94536.1,94612.7,94164.77,94399.99,2025,13
94470.77,94880.0,94346.22,94536.11,2025,14
94834.5,95041.17,94462.59,94470.76,2025,14
94882.65,95280.8,94749.57,94834.5,2025,14
94861.4,95112.61,94828.46,94882.65,2025,14
95119.19,95149.32,94830.25,94861.39,2025,14
94916.08,95464.71,94861.39,95119.18,2025,14
95031.94,95031.94,94753.42,94916.08,2025,14
94864.0,95168.6,94838.56,95031.93,2025,14
95488.5,95819.7,94860.11,94863.99,2025,14
97159.44,97371.0,95469.51,95488.51,2025,14
96697.08,97194.26,96579.31,97159.43,2025,14
96548.04,96687.15,96336.92,96686.09,2025,14
95988.0,96700.0,95972.58,96548.04,2025,14
96336.0,97263.02,95748.93,95988.01,2025,14
96293.6,97265.48,96029.73,96336.0,2025,14
96471.65,96974.82,96184.02,96293.61,2025,14
95745.43,96471.66,95351.76,96471.65,2025,14
96527.96,96550.46,95584.83,95745.42,2025,14
96777.8,96958.97,96290.85,96527.96,2025,14
96537.8,97088.57,96466.03,96777.79,2025,14
96505.04,96921.13,96152.31,96537.23,2025,14
96486.09,96678.18,96315.38,96505.98,2025,14
96691.91,96741.95,96450.0,96486.1,2025,14
96560.86,96780.02,96500.49,96691.91,2025,14
96889.36,97332.52,96500.0,96560.85,2025,15
97349.62,97554.63,96789.38,96889.36,2025,15
96824.06,97464.8,96746.71,97349.61,2025,15
97317.12,97324.0,96751.47,96824.06,2025,15
97189.71,97724.96,97072.7,97317.12,2025,15
97029.97,97242.29,96750.0,97189.71,2025,15
97105.48,97147.95,96851.5,97029.97,2025,15
97301.35,97600.31,97105.47,97105.48,2025,15
97202.26,97524.0,97153.48,97301.35,2025,15
96816.47,97366.11,96766.57,97202.27,2025,15
96933.59,97136.28,96721.39,96816.47,2025,15
96762.18,96942.37,96521.0,96933.59,2025,15
96942.93,97194.35,96539.77,96762.19,2025,15
98964.0,99073.39,96852.38,96942.92,2025,15
99434.41,99499.0,98613.99,98963.99,2025,15
98992.42,99799.98,98964.71,99434.8,2025,15
98995.58,99479.53,98888.98,98992.42,2025,15
98645.65,99335.91,98602.05,98995.58,2025,15
99446.14,99483.87,98645.65,98645.65,2025,15
99844.9,99990.0,99297.41,99446.15,2025,15
99566.4,100681.94,99460.8,99844.91,2025,15
99672.0,99876.4,99476.16,99566.34,2025,15
99713.46,99838.28,99564.0,99671.99,2025,15
100497.35,100510.05,99632.73,99713.45,2025,15
99869.26,100866.66,99658.78,100497.35,2025,16
100082.35,100200.0,99814.91,99869.26,2025,16
99637.77,100112.0,99471.48,100082.35,2025,16
99478.03,99848.0,99170.0,99637.78,2025,16
99610.0,99698.7,99478.03,99478.04,2025,16
99382.11,99613.99,99355.23,99610.0,2025,16
99801.23,99921.86,99322.19,99382.11,2025,16
99799.99,99850.0,99650.33,99801.22,2025,16
98955.8,99820.0,98617.55,99800.0,2025,16
99152.93,99315.0,98649.41,98955.81,2025,16
99214.25,99405.74,99122.07,99152.93,2025,16
99158.71,99333.24,98699.99,99214.26,2025,16
99392.09,99517.93,98886.95,99158.7,2025,16
99084.04,99461.93,98777.87,99392.09,2025,16
97618.89,99424.96,97489.74,99084.05,2025,16
99296.17,99299.0,97335.13,97618.88,2025,16
99346.39,99873.37,99079.05,99296.17,2025,16
99838.54,100361.54,99178.3,99346.39,2025,16
99584.24,100070.8,99260.45,99838.55,2025,16
100417.2,100448.72,99408.0,99584.23,2025,16
100343.99,100641.99,100256.85,100417.2,2025,16
100156.98,100399.33,99717.6,100344.0,2025,16
99838.25,100156.98,99377.0,100156.98,2025,16
99987.3,100115.87,99746.0,99838.25,2025,16
100120.58,100434.96,99950.77,99987.3,2025,17
101659.8,101833.28,100050.0,100120.58,2025,17
101100.0,102148.13,100780.54,101659.8,2025,17
101051.73,101271.74,100943.77,101100.0,2025,17
101481.29,101490.78,100952.1,101051.73,2025,17
101334.05,101782.02,101301.4,101481.28,2025,17
101408.99,101586.96,101302.6,101334.06,2025,17
101440.5,101899.49,101401.0,101409.0,2025,17
102136.01,102220.14,101439.77,101440.51,2025,17
101861.26,102288.0,101743.19,102136.0,2025,17
102321.53,102581.45,101794.14,101861.26,2025,17
102237.6,102443.5,102082.64,102321.54,2025,17
102745.69,102959.66,102195.9,102237.6,2025,17
102474.14,102980.0,102422.45,102745.68,2025,17
103378.95,103395.47,102279.41,102474.14,2025,17
104000.0,104254.19,103285.79,103379.23,2025,17
104972.81,105000.0,103841.18,104000.0,2025,17
104125.46,105269.24,104025.49,104972.81,2025,17
104835.68,104946.01,104039.05,104125.46,2025,17
105834.93,105865.22,104684.21,104835.68,2025,17
104692.7,105847.02,104539.18,105834.93,2025,17
104604.49,105041.05,104462.02,104692.7,2025,17
104410.39,104694.42,104204.0,104604.49,2025,17
104077.48,104526.32,104065.25,104410.4,2025,17
104656.87,104656.87,104075.34,104077.47,2025,18
104268.14,104656.87,104082.19,104656.87,2025,18
104327.98,104500.0,104259.98,104268.14,2025,18
103559.82,104479.31,103000.25,104327.99,2025,18
103599.27,103726.23,102666.55,103559.82,2025,18
102829.27,103771.21,102818.0,103599.27,2025,18
103440.39,103636.91,102822.16,102829.27,2025,18
102821.75,103488.9,102602.48,103440.39,2025,18
103272.0,103344.7,102277.55,102821.75,2025,18
103159.29,103455.89,103059.11,103271.99,2025,18
103184.64,103294.35,102828.95,103159.29,2025,18
103589.29,103883.01,102932.01,103184.64,2025,18
103457.34,104035.28,103372.08,103589.29,2025,18
104365.81,104395.92,103107.65,103457.34,2025,18
103993.03,104562.5,103722.0,104365.81,2025,18
104568.96,104988.88,103761.05,103993.02,2025,18
103253.66,104719.29,103156.02,104568.96,2025,18
103826.16,104207.97,103253.65,103253.65,2025,18
104084.74,104395.92,103779.76,103826.16,2025,18
104382.01,104486.93,104080.71,104084.74,2025,18
104035.42,104488.0,103765.44,104382.0,2025,18
103889.29,104276.34,103878.87,104035.42,2025,18
104291.3,104307.0,103860.91,103888.96,2025,18
104556.23,104750.0,104291.3,104291.3,2025,18
104108.0,104556.23,104108.0,104556.23,2025,19
104486.83,104684.22,104013.51,104108.01,2025,19
104877.96,105458.55,104486.83,104486.83,2025,19
104984.01,105183.51,104560.0,104877.97,2025,19
105032.03,105267.67,104676.48,104984.01,2025,19
105116.52,105131.7,104191.19,105032.04,2025,19
105568.29,105634.78,105030.0,105116.51,2025,19
105167.12,105594.63,104960.26,105568.29,2025,19
104428.24,105167.12,104305.36,105167.11,2025,19
105299.81,105496.03,103450.69,104428.23,2025,19
104823.86,105299.81,104405.13,105299.81,2025,19
104363.23,105350.0,104209.56,104823.86,2025,19
104936.54,105040.3,104300.75,104363.24,2025,19
104964.71,105321.87,104850.58,104936.54,2025,19
105160.0,105706.48,104789.6,104964.72,2025,19
104936.35,105247.4,104500.01,105159.99,2025,19
104963.11,105228.27,104725.68,104936.35,2025,19
105115.8,105148.42,104520.01,104963.11,2025,19
105042.9,105250.0,104902.27,105115.8,2025,19
106200.0,106200.74,104967.66,105042.9,2025,19
106275.49,106422.43,105486.0,106200.0,2025,19
103684.44,106368.33,103684.21,106275.49,2025,19
103414.0,104500.0,101104.71,103684.43,2025,19
101331.57,103414.0,99651.6,103414.0,2025,19
99794.51,101677.71,99550.0,101331.57,2025,20
100692.82,100999.99,99629.86,99794.51,2025,20
101926.42,102321.42,100600.0,100692.82,2025,20
101891.93,102211.08,101411.2,101926.56,2025,20
102232.34,102800.27,101535.28,101891.94,2025,20
102344.2,102825.73,102127.99,102232.34,2025,20
107486.5,109588.0,102220.8,102344.2,2025,20
107120.65,109499.99,106923.0,107482.36,2025,20
108320.01,108381.92,107093.33,107120.65,2025,20
108132.05,109193.23,107548.0,108320.0,2025,20
107964.56,108731.92,107769.18,108132.05,2025,20
108239.19,108550.0,107780.51,107964.56,2025,20
106917.59,108700.01,105472.95,108239.19,2025,20
107956.31,108125.0,106651.11,106918.83,2025,20
107866.65,108130.08,107277.28,107956.31,2025,20
104957.99,107990.0,104480.0,107866.65,2025,20
106670.38,107050.0,103708.0,104957.99,2025,20
102963.32,106778.05,100333.0,106670.37,2025,20
103930.66,104469.15,102738.23,102963.31,2025,20
103691.63,103964.43,102733.77,103930.66,2025,20
103647.16,104331.0,103352.0,103691.64,2025,20
102596.0,104080.0,102562.99,103647.16,2025,20
103608.0,103815.98,101846.15,102596.0,2025,20
102260.01,103728.52,101701.01,103607.99,2025,20
101187.75,102672.0,101086.12,102260.0,2025,21
101498.24,102233.26,100119.04,101187.75,2025,21
102545.56,102763.33,101064.87,101498.23,2025,21
102936.01,103260.1,102300.0,102545.57,2025,21
102344.2,102974.14,101928.58,102936.01,2025,21
101365.98,102527.39,101339.49,102344.21,2025,21
102176.04,102186.15,101111.68,101365.98,2025,21
101989.05,102480.0,101799.57,102176.04,2025,21
102466.81,102496.74,101740.82,101989.06,2025,21
102707.08,102894.29,102072.13,102466.82,2025,21
103160.85,103364.74,102582.0,102707.07,2025,21
103758.25,103973.02,103073.86,103160.85,2025,21
104519.98,104708.41,103610.77,103758.25,2025,21
104457.07,104999.99,104149.18,104519.98,2025,21
103260.91,105320.0,103001.0,104457.08,2025,21
103943.0,104109.98,102803.43,103260.9,2025,21
104965.99,106500.99,103822.02,103942.99,2025,21
106173.26,106400.0,104888.24,104965.99,2025,21
106861.18,107240.81,105892.0,106173.27,2025,21
107031.34,107150.0,106263.84,106861.18,2025,21
106137.51,107199.99,105924.24,107031.34,2025,21
106772.23,106814.37,105772.0,106137.51,2025,21
105996.01,106772.24,105971.99,106772.23,2025,21
106143.82,106284.0,105420.0,105996.01,2025,21
105948.0,106322.0,105807.08,106143.82,2025,22
105799.99,106394.46,105448.99,105948.01,2025,22
105583.89,106202.82,105556.05,105800.0,2025,22
105600.01,105912.18,105583.89,105583.9,2025,22
105578.41,105812.0,105277.24,105600.01,2025,22
105689.15,105882.89,105498.83,105578.41,2025,22
105379.81,105952.0,105186.71,105689.15,2025,22
105084.77,105678.57,105043.88,105379.82,2025,22
105270.03,105343.28,104700.0,105084.77,2025,22
104984.83,105270.03,104916.43,105270.03,2025,22
105142.76,105161.76,104647.75,104984.82,2025,22
105100.39,105464.83,104758.62,105142.14,2025,22
105275.86,105584.23,105060.35,105100.38,2025,22
104073.94,105363.76,103768.14,105275.87,2025,22
104393.66,104949.0,103662.58,104074.43,2025,22
104180.01,105148.95,103982.0,104393.67,2025,22
103704.64,104232.64,103339.12,104180.01,2025,22
104345.8,104604.76,103665.73,103704.65,2025,22
103896.01,104684.0,103756.48,104345.8,2025,22
104630.0,104754.64,103853.66,103896.01,2025,22
104321.1,104830.12,104070.61,104630.0,2025,22
104088.03,104369.12,103611.66,104321.11,2025,22
103866.79,104514.8,103770.01,104086.95,2025,22
103706.66,104143.99,103654.0,103866.79,2025,22
103307.51,103819.99,103052.82,103706.66,2025,23
102931.94,103653.84,102588.15,103307.51,2025,23
102655.34,102983.39,102100.0,102931.94,2025,23
102461.25,103007.75,102197.34,102655.34,2025,23
102075.22,102493.15,101575.5,102461.24,2025,23
102532.52,102639.36,102000.0,102075.21,2025,23
102256.7,102968.31,102209.23,102532.52,2025,23
102710.27,102803.2,102084.51,102256.71,2025,23
102215.75,102724.94,102060.0,102710.28,2025,23
101672.01,102467.73,101650.0,102215.75,2025,23
101683.61,102072.72,101262.28,101672.0,2025,23
101944.49,102195.03,101683.6,101683.61,2025,23
101635.58,102135.05,101401.31,101944.5,2025,23
102512.28,102709.93,101281.62,101635.59,2025,23
105213.5,106050.86,101989.81,102512.28,2025,23
105263.52,105792.0,102643.49,105213.6,2025,23
105139.18,106850.0,105028.0,105263.52,2025,23
105927.78,106230.42,104211.0,105139.18,2025,23
105424.39,106142.46,105100.0,105927.78,2025,23
103770.04,105514.73,103399.98,105424.39,2025,23
103284.48,106421.03,102559.2,103770.05,2025,23
103079.08,103410.57,102195.7,103284.01,2025,23
103978.82,104700.0,102981.07,103079.08,2025,23
103910.34,104544.48,103776.06,103978.82,2025,23
103446.62,104157.98,103424.58,103910.35,2025,24
103234.3,103900.0,103039.87,103446.62,2025,24
103016.01,103545.39,102956.72,103234.3,2025,24
103891.75,104298.0,102750.0,103016.0,2025,24
104631.99,104924.4,103804.77,103891.75,2025,24
105222.15,105262.13,104543.21,104631.98,2025,24
104991.01,105355.0,104628.0,105222.15,2025,24
105046.8,105181.82,104660.0,104991.01,2025,24
105500.76,105650.0,104922.41,105046.79,2025,24
105146.67,105759.0,105053.8,105500.76,2025,24
105416.75,105428.0,105051.46,105146.67,2025,24
105420.1,105527.69,105214.15,105416.75,2025,24
105526.58,105586.29,105183.65,105420.11,2025,24
105118.07,105793.61,104982.03,105526.58,2025,24
105758.0,106321.66,104669.17,105118.06,2025,24
105859.98,105990.5,105259.49,105758.0,2025,24
105645.89,106174.99,105589.0,105859.99,2025,24
106458.46,106699.99,105612.0,105645.88,2025,24
106327.72,107120.0,106056.95,106458.47,2025,24
105760.94,106606.01,105687.0,106327.31,2025,24
104859.11,105781.0,104736.84,105760.93,2025,24
105124.61,105391.47,104859.4,104859.4,2025,24
104777.25,105477.0,104706.08,105124.61,2025,24
104870.5,104925.2,104456.89,104777.25,2025,24
104419.59,104870.51,104361.89,104870.51,2025,25
104738.0,104815.01,104380.15,104419.58,2025,25
104559.54,104830.27,104473.67,104738.01,2025,25
105202.4,105280.82,104461.0,104559.54,2025,25
104648.0,105202.4,104620.0,105202.4,2025,25
104365.97,104701.18,104236.95,104647.99,2025,25
104308.0,104480.0,104216.81,104365.96,2025,25
104385.98,104523.25,104287.24,104308.0,2025,25
104341.98,104497.54,104135.71,104385.99,2025,25
104366.63,104450.48,104276.41,104341.99,2025,25
104540.0,104661.04,104106.09,104366.62,2025,25
104670.99,104700.01,104391.27,104540.0,2025,25
104753.07,104792.0,104456.0,104670.99,2025,25
104717.04,104868.0,104629.31,104753.08,2025,25
104600.01,104721.99,104473.16,104717.05,2025,25
104897.79,105111.11,104594.01,104600.0,2025,25
104654.9,104989.49,104591.67,104897.79,2025,25
104899.71,104934.39,104449.75,104654.91,2025,25
104983.49,105286.52,104843.25,104899.72,2025,25
105055.16,105187.5,104909.09,104983.5,2025,25
104965.71,105200.0,104965.7,105055.16,2025,25
105102.84,105123.5,104866.66,104965.71,2025,25
105077.54,105250.0,105004.53,105102.84,2025,25
104746.85,105134.9,104696.0,105077.54,2025,25
104599.96,104841.84,104515.44,104746.86,2025,26
104621.37,104772.0,104503.7,104599.95,2025,26
104696.25,104718.16,104520.03,104621.37,2025,26
105062.42,105273.24,104696.24,104696.25,2025,26
105174.27,105500.0,104978.82,105062.41,2025,26
105094.12,105200.0,105013.6,105174.28,2025,26
104990.75,105118.78,104959.2,105094.13,2025,26
104998.35,105100.0,104950.0,104990.75,2025,26
105030.4,105221.36,104863.31,104998.36,2025,26
104630.03,105030.41,104444.01,105030.4,2025,26
104715.29,104722.9,104500.0,104630.02,2025,26
104818.69,104847.69,104662.05,104715.29,2025,26
104890.0,104890.0,104703.58,104818.68,2025,26
104961.73,105126.11,104838.43,104890.0,2025,26
104944.0,105003.54,104804.0,104961.74,2025,26
104967.01,105093.22,104887.7,104944.0,2025,26
104938.02,105040.64,104896.0,104967.02,2025,26
104945.11,105050.0,104912.53,104938.01,2025,26
105175.11,105260.36,104906.89,104945.12,2025,26
105081.63,105240.0,105040.0,105175.11,2025,26
104949.99,105200.0,104918.52,105081.64,2025,26
104557.19,105006.0,104552.48,104949.99,2025,26
104330.22,104730.98,104300.01,104557.19,2025,26
102620.0,104330.21,102520.44,104330.21,2025,26
101728.0,103260.0,101600.0,102620.01,2025,27
101308.29,102085.04,101168.8,101728.0,2025,27
101000.0,101688.0,100835.25,101308.29,2025,27
101395.64,101858.19,100720.53,100999.99,2025,27
100410.04,101399.99,100227.01,101395.64,2025,27
100374.08,100732.0,99713.37,100410.04,2025,27
98956.32,100491.99,98721.0,100374.07,2025,27
99048.02,99415.92,97777.77,98956.31,2025,27
99043.77,99367.73,98700.0,99048.01,2025,27
99424.38,99533.33,98800.0,99043.78,2025,27
98392.74,99454.76,98263.49,99424.37,2025,27
98761.13,99362.03,98324.01,98392.74,2025,27
100619.68,100910.27,98714.28,98761.12,2025,27
100483.99,101666.66,100000.0,100619.68,2025,27
101920.89,102317.94,100105.54,100483.98,2025,27
101112.03,102118.49,100852.0,101920.88,2025,27
99744.0,101250.56,99566.25,101112.03,2025,27
99150.01,100050.02,99049.98,99744.0,2025,27
99180.0,99753.89,98864.0,99150.01,2025,27
99700.02,99952.0,99175.03,99180.0,2025,27
101386.5,101750.4,99606.46,99700.01,2025,27
101349.67,102405.0,100954.0,101386.11,2025,27
101637.18,101961.09,101277.77,101349.67,2025,27
102082.83,102183.21,101637.18,101637.18,2025,27
101856.01,102892.0,101777.0,102082.83,2025,28
101382.67,102000.0,101382.66,101856.0,2025,28
102402.01,102436.79,101334.55,101382.66,2025,28
102636.32,102880.0,102026.02,102402.01,2025,28
102901.45,103371.24,102600.0,102636.32,2025,28
103014.59,103339.61,102812.9,102901.45,2025,28
102744.38,103200.0,102599.2,103014.6,2025,28
102789.72,103343.65,102527.39,102744.39,2025,28
102851.23,103028.53,102607.34,102789.72,2025,28
102955.99,102965.28,102393.94,102851.23,2025,28
102745.36,103181.82,102600.79,102955.99,2025,28
102762.01,102943.07,102564.77,102745.37,2025,28
102599.99,102988.6,102476.63,102762.02,2025,28
102597.36,102938.71,102482.35,102599.99,2025,28
102641.99,102891.33,101815.26,102597.37,2025,28
102777.99,103800.0,102504.0,102642.0,2025,28
102250.01,102907.98,101906.24,102777.99,2025,28
102572.82,103098.0,102220.07,102250.01,2025,28
102205.79,103108.0,102160.0,102572.82,2025,28
102424.24,102660.0,101820.15,102205.78,2025,28
101264.48,102538.0,101197.04,102424.24,2025,28
100334.01,101547.22,100272.68,101264.02,2025,28
101265.63,101404.0,100274.96,100334.0,2025,28
101335.52,101450.0,100750.0,101265.63,2025,28
101702.59,101819.67,101328.01,101335.52,2025,29
101845.02,101993.68,101461.12,101702.6,2025,29
101795.4,102319.69,101696.01,101845.02,2025,29
102038.2,102162.8,101764.24,101795.41,2025,29
102001.06,102190.0,101955.51,102038.21,2025,29
102262.0,102384.61,101980.27,102001.06,2025,29
102801.64,102853.53,102237.05,102262.0,2025,29
102755.82,102815.66,102449.97,102801.64,2025,29
102732.03,103000.0,102680.0,102755.81,2025,29
102334.4,102770.0,102303.68,102732.03,2025,29
102547.01,102726.77,102180.65,102334.41,2025,29
102646.0,102809.52,102425.87,102547.01,2025,29
102229.85,102842.04,102220.13,102646.0,2025,29
101836.23,102330.81,101699.59,102229.85,2025,29
102029.93,102380.0,101582.37,101836.23,2025,29
101980.78,102531.64,101798.01,102029.94,2025,29
102092.01,102150.0,101675.62,101980.78,2025,29
102406.98,102777.78,101995.37,102092.0,2025,29
102854.15,103000.0,102008.0,102406.97,2025,29
103583.99,103999.0,101400.01,102854.14,2025,29
104193.93,104782.68,102868.0,103584.0,2025,29
103741.11,104393.93,103715.5,104193.92,2025,29
103492.06,104010.94,103405.77,103741.11,2025,29
103733.24,104344.64,103460.0,103492.07,2025,29
104026.04,104123.36,103278.54,103733.25,2025,30
104264.15,104555.0,103925.0,104026.05,2025,30
104663.19,104668.35,103994.46,104264.15,2025,30
105196.0,105300.0,104493.16,104663.19,2025,30
105478.0,105595.81,104842.37,105196.0,2025,30
105375.7,105520.0,104996.97,105478.0,2025,30
105184.37,105580.16,105163.44,105375.7,2025,30
105132.07,105348.0,104799.66,105184.38,2025,30
105060.01,105368.84,104925.26,105132.07,2025,30
105412.05,105534.0,105021.36,105060.01,2025,30
105345.4,105412.06,105117.63,105412.05,2025,30
105300.63,105392.0,105078.01,105345.41,2025,30
105020.0,105312.93,104836.85,105300.63,2025,30
104879.99,105367.57,104836.58,105020.01,2025,30
105920.57,106222.08,104660.0,104879.99,2025,30
105564.0,106457.44,105353.85,105920.57,2025,30
105696.96,106013.01,105455.3,105563.99,2025,30
105300.01,105698.27,104900.14,105696.96,2025,30
105578.95,105583.39,104762.59,105300.01,2025,30
105711.27,105776.87,105231.58,105578.96,2025,30
104907.15,105821.62,104815.82,105711.28,2025,30
105048.89,105217.17,104805.15,104907.1,2025,30
105094.56,105351.29,104962.11,105048.89,2025,30
104722.94,105254.0,104693.82,105094.57,2025,30
104898.49,105029.72,104400.0,104722.94,2025,31
104729.58,104908.15,104420.97,104898.48,2025,31
104341.72,104851.99,104255.01,104729.95,2025,31
104344.46,104377.76,103930.09,104341.73,2025,31
104007.58,104547.24,103972.13,104344.46,2025,31
104319.87,104484.09,104007.59,104007.59,2025,31
104511.02,104745.1,104298.73,104319.87,2025,31
104188.56,104814.46,104002.01,104511.03,2025,31
104028.78,104321.98,104013.63,104188.57,2025,31
104256.56,104329.73,103936.54,104028.79,2025,31
104284.1,104431.49,104080.1,104256.57,2025,31
104736.0,104848.65,104284.1,104284.1,2025,31
104704.68,104918.3,104553.71,104736.01,2025,31
104664.02,105036.03,104551.09,104704.69,2025,31
104442.79,104860.0,104106.0,104664.01,2025,31
105464.01,106012.0,104443.99,104443.99,2025,31
105081.87,105574.4,104696.23,105464.0,2025,31
104580.87,105081.87,104542.0,105081.86,2025,31
102627.29,104820.0,102605.0,104580.87,2025,31
102312.32,103016.66,102122.0,102627.29,2025,31
101680.02,102321.42,101603.23,102312.31,2025,31
102148.73,102166.11,101560.0,101680.02,2025,31
102261.3,102482.94,101918.46,102148.72,2025,31
102429.56,102439.31,101955.0,102261.29,2025,31
102494.94,102575.06,102213.07,102429.56,2025,1
102566.0,102780.27,102460.33,102494.94,2025,1
102467.77,102783.71,102400.0,102566.0,2025,1
102249.19,102518.42,102198.52,102466.96,2025,1
102316.16,102503.03,102118.56,102249.19,2025,1
102500.0,102588.57,102235.29,102316.15,2025,1
102402.91,102577.12,102184.46,102500.0,2025,1
102166.49,102494.69,102161.82,102402.91,2025,1
102016.85,102276.99,101836.43,102166.49,2025,1
101675.99,102016.85,101412.0,102016.85,2025,1
101638.0,101984.99,101626.82,101675.99,2025,1
102028.81,102055.98,101638.0,101638.0,2025,1
102277.71,102329.01,102009.12,102028.82,2025,1
101869.02,102284.46,101799.9,102277.71,2025,1
101827.53,102173.45,101812.0,101869.04,2025,1
102073.89,102185.94,101730.79,101827.53,2025,1
101892.32,102209.98,101863.77,102073.89,2025,1
102262.49,102297.99,101892.32,101892.32,2025,1
102003.7,102279.52,101965.24,102262.5,2025,1
101669.6,102023.63,101448.0,102003.7,2025,1
101333.34,101669.6,101000.0,101669.6,2025,1
101199.82,101578.04,101001.0,101333.34,2025,1
100666.91,101428.0,100510.0,101199.81,2025,1
100635.65,100871.45,100279.51,100666.9,2025,1
101243.86,101288.51,100500.0,100635.66,2025,2
101248.38,101456.6,101165.1,101243.86,2025,2
100452.16,101271.32,100425.0,101248.38,2025,2
99206.86,100755.93,99148.91,100452.16,2025,2
99538.6,99884.0,99031.19,99206.85,2025,2
100259.53,100342.69,99500.0,99538.6,2025,2
100265.15,100515.99,100094.69,100259.53,2025,2
99643.3,100277.54,99565.6,100265.15,2025,2
99831.04,100100.0,99315.91,99643.3,2025,2
99690.78,99864.02,99352.94,99831.05,2025,2
99417.06,99694.72,99200.0,99690.78,2025,2
98864.6,99604.0,98645.0,99417.07,2025,2
98178.0,99166.19,98157.0,98864.6,2025,2
98795.88,98827.18,98160.0,98178.0,2025,2
99205.08,99439.05,98705.88,98795.89,2025,2
99346.87,99405.74,98720.55,99205.08,2025,2
98264.0,99361.97,98075.02,99346.87,2025,2
97228.85,98580.38,97019.0,98264.01,2025,2
97087.92,97931.65,96821.54,97228.86,2025,2
98273.16,98700.0,96842.33,97087.92,2025,2
97798.0,98628.74,97650.54,98273.17,2025,2
97020.54,97977.02,96573.47,97798.01,2025,2
97994.46,98022.2,96150.0,97020.56,2025,2
97700.59,97994.47,96543.1,97994.47,2025,2
96511.33,97782.79,95500.0,97700.59,2025,3
93435.82,96945.03,92000.0,96511.33,2025,3
93566.01,94980.0,91231.0,93436.97,2025,3
94038.74,94688.0,93426.49,93566.0,2025,3
92786.53,94490.72,92646.36,94038.75,2025,3
94216.0,94273.84,92760.8,92786.53,2025,3
93911.04,94600.0,93657.33,94215.99,2025,3
95333.01,95426.63,93846.32,93911.05,2025,3
95340.0,95634.39,94850.85,95333.01,2025,3
95277.0,95950.68,95222.03,95339.99,2025,3
95702.67,95725.25,94799.29,95277.0,2025,3
95107.89,95716.21,94953.6,95702.68,2025,3
95290.64,95625.0,94934.73,95107.89,2025,3
